[{"model": "eCoffee.user", "pk": 1, "fields": {"password": "pbkdf2_sha256$720000$1CZyMAgYjqC8eAg5g3cYFa$cup39HCLRrrZR4quTv1gw+uvCgMTUIJX1/6lr6YlOi4=", "last_login": "2024-06-28T05:24:42.987Z", "is_superuser": false, "username": "hon", "first_name": "", "last_name": "", "email": "hon@mydomain.com", "is_staff": false, "is_active": true, "date_joined": "2024-05-14T21:55:24.113Z", "groups": [], "user_permissions": []}}, {"model": "eCoffee.user", "pk": 2, "fields": {"password": "pbkdf2_sha256$720000$U2DQ5QbQqgWkPoPPu7GqvJ$hz5GadYblJdMLyS+fWWrcvFDe3orIxWjpnst/1sWBKo=", "last_login": "2024-06-30T21:33:58.653Z", "is_superuser": true, "username": "hon-admin", "first_name": "", "last_name": "", "email": "admin@admindomain.com", "is_staff": true, "is_active": true, "date_joined": "2024-05-19T22:39:32.366Z", "groups": [], "user_permissions": []}}, {"model": "eCoffee.user", "pk": 3, "fields": {"password": "pbkdf2_sha256$720000$EuYeMxKsURiQaQRVGInCdw$ZQpmjMi/X9O9IReMAChux4/5B8E/amEY1cDJ9SgQ1hA=", "last_login": "2024-07-11T20:13:12.750Z", "is_superuser": false, "username": "ben", "first_name": "", "last_name": "", "email": "ben@mydomain.com", "is_staff": false, "is_active": true, "date_joined": "2024-05-19T22:40:38.195Z", "groups": [], "user_permissions": []}}, {"model": "eCoffee.user", "pk": 4, "fields": {"password": "pbkdf2_sha256$720000$CGUwXjhlstWWSLoRSHogfk$89nf267/OeXLpoVXTZutb5dYh+OKo19NHQCZORQQY24=", "last_login": "2024-06-30T21:27:35.733Z", "is_superuser": false, "username": "christie", "first_name": "", "last_name": "", "email": "christie@mydomain.com", "is_staff": false, "is_active": true, "date_joined": "2024-05-19T22:41:01.356Z", "groups": [], "user_permissions": []}}, {"model": "eCoffee.product", "pk": 20, "fields": {"description": "Starbucks Pike Place Roast Ground Coffee, Medium Roast, 793 Grams", "category": "STARBUCK", "price": "20.95", "quantity": 10, "photo_url": "https://5.imimg.com/data5/SELLER/Default/2021/12/MG/CF/SN/4880510/starbucks-colombia-medium-roast-ground-arabica-coffee-200g-500x500.jpg", "created_at": "2024-05-26T16:35:56.062Z"}}, {"model": "eCoffee.product", "pk": 22, "fields": {"description": "Folgers Classic Roast Medium Dark Roast, Ground Coffee, 816g Canister", "category": "FOLGERS", "price": "9.99", "quantity": 33, "photo_url": "https://assets.shop.loblaws.ca/products/21478183/b1/en/front/21478183_front_a01_@2.png", "created_at": "2024-05-26T16:47:48.250Z"}}, {"model": "eCoffee.product", "pk": 23, "fields": {"description": "Folgers Lively Colombian Medium Roast Coffee, Single-Serve K-Cup Pods For Keurig Coffee Makers, 48 Count", "category": "FOLGERS", "price": "27.99", "quantity": 22, "photo_url": "https://m.media-amazon.com/images/I/81E80pYOblL._AC_UF1000,1000_QL80_.jpg", "created_at": "2024-05-26T16:48:59.665Z"}}, {"model": "eCoffee.product", "pk": 24, "fields": {"description": "Folgers Coffee Singles Classic Roast Coffee Bags, 6 Ounce, 38 Count", "category": "FOLGERS", "price": "35.97", "quantity": 22, "photo_url": "https://i.ebayimg.com/images/g/sHYAAOSwiDFj5mD4/s-l1600.jpg", "created_at": "2024-05-26T16:51:44.213Z"}}, {"model": "eCoffee.product", "pk": 25, "fields": {"description": "Folgers Classic Roast Coffee, Medium Roast, K-Cups (80 ct.)", "category": "FOLGERS", "price": "74.99", "quantity": 44, "photo_url": "https://encrypted-tbn0.gstatic.com/images?q=tbn:ANd9GcQJnSXp2YzhppCiVB7uBP5PpbxUjUbHXDefOQ&usqp=CAU", "created_at": "2024-05-26T16:52:51.150Z"}}, {"model": "eCoffee.product", "pk": 26, "fields": {"description": "Folgers Caramel Drizzle Flavoured Coffee, Single-Serve K-Cup Pods For Keurig Coffee Makers, 12 Count", "category": "FOLGERS", "price": "6.99", "quantity": 55, "photo_url": "https://m.media-amazon.com/images/I/81INQFlDGpL.jpg", "created_at": "2024-05-26T16:53:44.246Z"}}, {"model": "eCoffee.product", "pk": 27, "fields": {"description": "Folgers Classic Roast Ground Coffee Packets 42 ct, 50.04 Ounce", "category": "FOLGERS", "price": "69.99", "quantity": 88, "photo_url": "https://www.discountcoffee.com/media/catalog/product/cache/56025f99a89310931f317e2ed17cf3c2/f/o/folgers-classic-roast-coffee-packets-42-count-1.jpg", "created_at": "2024-05-26T17:05:10.910Z"}}, {"model": "eCoffee.product", "pk": 28, "fields": {"description": "Folgers Classic Roast Instant Coffee, 8 oz., 3 Count", "category": "FOLGERS", "price": "59.99", "quantity": 33, "photo_url": "https://photos-us.bazaarvoice.com/photo/2/cGhvdG86Zm9sZ2Vycw/c58b8a79-591e-5da4-b9c0-b09ab0703978", "created_at": "2024-05-26T17:06:48.675Z"}}, {"model": "eCoffee.product", "pk": 29, "fields": {"description": "Folgers Hazelnut Ground Coffee, 11.5-Ounce Can", "category": "FOLGERS", "price": "20.00", "quantity": 66, "photo_url": "https://assets.wakefern.com/is/image/wakefern/2550011037-001?$Mi9Product_detail$", "created_at": "2024-05-26T17:08:40.177Z"}}, {"model": "eCoffee.product", "pk": 30, "fields": {"description": "96 K Cups of Folgers Classic Blend Coffee", "category": "FOLGERS", "price": "66.00", "quantity": 11, "photo_url": "https://i.ebayimg.com/images/g/itMAAOSwE3pd~EA1/s-l1200.jpg", "created_at": "2024-05-26T17:10:09.474Z"}}, {"model": "eCoffee.product", "pk": 31, "fields": {"description": "Folgers Classic Decaf Decaffeinated Instant Coffee Crystals, 8 Ounces", "category": "FOLGERS", "price": "19.94", "quantity": 55, "photo_url": "https://i.ebayimg.com/00/s/MTUwMFgxNTAw/z/yUcAAOSw3wRjRvav/$_1.PNG", "created_at": "2024-05-26T17:11:05.943Z"}}, {"model": "eCoffee.product", "pk": 32, "fields": {"description": "Kicking Horse Coffee, Lucky Jim, Medium Roast, Whole Bean, 1 lb - Certified Organic, Fairtrade, Kosher Coffee 454 g (Pack of 1)", "category": "KICKING HORSE", "price": "17.99", "quantity": 22, "photo_url": "https://www.londondrugs.com/on/demandware.static/-/Sites-londondrugs-master/default/dw0f141c4e/products/L1446183/large/L1446183.JPG", "created_at": "2024-05-26T17:13:02.309Z"}}, {"model": "eCoffee.product", "pk": 33, "fields": {"description": "Kicking Horse Coffee - Three Sisters Blend,Whole Bean 100% Arabica Coffee | Medium Roast | All Organic & Fairtrade | 850 g", "category": "KICKING HORSE", "price": "29.94", "quantity": 55, "photo_url": "https://i5.walmartimages.com/seo/Kicking-Horse-Coffee-Decaf-Dark-Roast-Whole-Bean-Coffee-10-oz_4ccd8129-cf11-4b13-9abe-acfd46246cb3.256ce13c14ea1e29c44c81e6ce6f71d0.jpeg?odnHeight=320&odnWidth=320&odn", "created_at": "2024-05-26T17:13:58.309Z"}}, {"model": "eCoffee.product", "pk": 34, "fields": {"description": "Kicking Horse Coffee - Kick Ass Blend, Whole Bean 100% Arabica Coffee | Dark Roast | All Organic & Fairtrade | 850 g", "category": "KICKING HORSE", "price": "29.94", "quantity": 33, "photo_url": "https://i5.walmartimages.com/asr/c91743a7-2f24-4ec7-b4f5-1a36a63da653.e9593e0e207f7b85ff62f36b5163c939.jpeg?odnHeight=320&odnWidth=320&odnBg=FFFFFF", "created_at": "2024-05-26T17:15:01.761Z"}}, {"model": "eCoffee.product", "pk": 35, "fields": {"description": "Kicking Horse Coffee - Cliff Hanger Espresso, Whole Bean 100% Arabica Coffee | Medium Roast | All Organic & Fairtrade | 850 g", "category": "KICKING HORSE", "price": "40.23", "quantity": 44, "photo_url": "https://storage.googleapis.com/images-sof-prd-9fa6b8b.sof.prd.v8.commerce.mi9cloud.com/product-images/detail/00629070500151.jpg", "created_at": "2024-05-26T17:15:41.646Z"}}, {"model": "eCoffee.product", "pk": 36, "fields": {"description": "Kicking Horse Coffee, Three Sisters, Medium Roast, Whole Bean, 1 lb - Certified Organic, Fairtrade, Kosher Coffee ...", "category": "KICKING HORSE", "price": "32.16", "quantity": 55, "photo_url": "https://i5.walmartimages.com/seo/Kicking-Horse-Coffee-Decaf-Dark-Roast-Whole-Bean-Coffee-10-oz_4ccd8129-cf11-4b13-9abe-acfd46246cb3.256ce13c14ea1e29c44c81e6ce6f71d0.jpeg?odnHeight=320&odnWidth=320&odn", "created_at": "2024-05-26T17:16:30.861Z"}}, {"model": "eCoffee.product", "pk": 37, "fields": {"description": "Maxwell House Colombian Blend Ground Coffee, 631g", "category": "MAXWELL HOUSE", "price": "10.99", "quantity": 33, "photo_url": "https://assets.shop.loblaws.ca/products/21479234/b2/en/front/21479234_front_a06_@2.png", "created_at": "2024-05-26T17:18:33.179Z"}}, {"model": "eCoffee.product", "pk": 39, "fields": {"description": "Tassimo Maxwell House Rich Dark Roast Coffee Single Serve T-Discs, 109g", "category": "MAXWELL HOUSE", "price": "9.99", "quantity": 66, "photo_url": "https://cdn.shopify.com/s/files/1/0767/0615/2721/files/81NJXoKVgrL._AC_SL1500_1__28767.1660235541.1280.1280.jpg?v=1689685369", "created_at": "2024-05-26T17:20:22.810Z"}}, {"model": "eCoffee.product", "pk": 43, "fields": {"description": "Maxwell House International Hazelnut Cafe-Style Beverage Mix, 9 oz Canisters (Pack of 4)", "category": "MAXWELL HOUSE", "price": "59.90", "quantity": 44, "photo_url": "https://i.ebayimg.com/images/g/4lIAAOSw6JFileso/s-l1200.webp", "created_at": "2024-05-26T17:25:33.195Z"}}, {"model": "eCoffee.product", "pk": 51, "fields": {"description": "Java Works Coffee Caramel Macchiato Flavoured Coffee *Ground*, 340 Grams", "category": "JAVA WORKS", "price": "12.51", "quantity": 33, "photo_url": "https://www.javaworks.ca/cdn/shop/files/BELGIAN.CHOCOLATE_1000x.jpg?v=1698154494", "created_at": "2024-06-16T02:48:46.326Z"}}, {"model": "eCoffee.product", "pk": 52, "fields": {"description": "Java Works Coffee - Caramel Macchiato Flavoured Coffee | 340 grams | Medium Roast", "category": "JAVA WORKS", "price": "12.93", "quantity": 44, "photo_url": "https://www.javaworks.ca/cdn/shop/files/CARAMEL.MACCHIATO_1000x.jpg?v=1698696753", "created_at": "2024-06-16T02:49:39.805Z"}}, {"model": "eCoffee.product", "pk": 53, "fields": {"description": "Java Works Coffee Belgian Chocolate Flavoured Coffee *Ground*, 340 Grams", "category": "JAVA WORKS", "price": "12.84", "quantity": 55, "photo_url": "https://www.javaworks.ca/cdn/shop/files/BELGIAN.CHOCOLATE_1000x.jpg?v=1698154494", "created_at": "2024-06-16T02:50:22.191Z"}}, {"model": "eCoffee.product", "pk": 54, "fields": {"description": "Java Works Coffee Vanilla Hazelnut Flavoured Coffee *Ground*", "category": "JAVA WORKS", "price": "13.95", "quantity": 66, "photo_url": "https://www.javaworks.ca/cdn/shop/files/CINNAMON.HAZELNUT_1024x1024.jpg?v=1698171857", "created_at": "2024-06-16T02:51:05.540Z"}}, {"model": "eCoffee.product", "pk": 55, "fields": {"description": "Java Works Coffee - Spiced Egg Nog Flavoured Coffee, 340 Grams", "category": "JAVA WORKS", "price": "13.22", "quantity": 22, "photo_url": "https://www.javaworks.ca/cdn/shop/products/java-works-classic-espresso-12-oz_1000x.jpg?v=1636560805", "created_at": "2024-06-16T02:52:53.789Z"}}, {"model": "eCoffee.product", "pk": 56, "fields": {"description": "Java Works Coffee Canadian Maple Flavoured Coffee *Ground*", "category": "JAVA WORKS", "price": "12.66", "quantity": 11, "photo_url": "https://www.javaworks.ca/cdn/shop/files/MAPLE_58c93607-b353-4cbb-8bfd-c7df63e2870e_1024x1024.jpg?v=1711553661", "created_at": "2024-06-16T02:53:30.573Z"}}, {"model": "eCoffee.product", "pk": 57, "fields": {"description": "Java Works Coffee - Irish Cream Flavoured Coffee | 340 grams | Medium Roast", "category": "JAVA WORKS", "price": "12.95", "quantity": 11, "photo_url": "https://www.javaworks.ca/cdn/shop/files/IRISH.CREAM_1024x1024.jpg?v=1711996518", "created_at": "2024-06-16T02:54:23.042Z"}}, {"model": "eCoffee.product", "pk": 58, "fields": {"description": "Java Works Coffee French Vanilla Flavoured Coffee *Ground*,", "category": "JAVA WORKS", "price": "13.95", "quantity": 33, "photo_url": "https://www.javaworks.ca/cdn/shop/collections/Vanilla.Buttercream.Front_1200x1200.jpg?v=1590519587", "created_at": "2024-06-16T02:55:33.545Z"}}, {"model": "eCoffee.product", "pk": 59, "fields": {"description": "Java Works Coffee - Candy Cane Mocha Flavoured Coffee, 340 Grams", "category": "JAVA WORKS", "price": "12.08", "quantity": 66, "photo_url": "https://www.javaworks.ca/cdn/shop/products/vanhaz_1200x1200.jpg?v=1711996838", "created_at": "2024-06-16T03:00:27.456Z"}}, {"model": "eCoffee.product", "pk": 60, "fields": {"description": "Java Works Coffee Maple 2 lb", "category": "JAVA WORKS", "price": "29.88", "quantity": 44, "photo_url": "https://www.javaworks.ca/cdn/shop/files/MAPLE_58c93607-b353-4cbb-8bfd-c7df63e2870e_1024x1024.jpg?v=1711553661", "created_at": "2024-06-16T03:01:50.658Z"}}, {"model": "eCoffee.product", "pk": 61, "fields": {"description": "Bravado Gourmet Espresso 340 g", "category": "JAVA WORKS", "price": "15.24", "quantity": 55, "photo_url": "https://www.espressoplanet.com/images/D/espresso-bravado-2-lb_1728x.jpg", "created_at": "2024-06-16T03:02:32.822Z"}}, {"model": "eCoffee.product", "pk": 62, "fields": {"description": "Lavazza Crema E Aroma Whole Bean Coffee Blend, Medium Roast, 1 kg Bag , Balanced", "category": "LAVAZZA", "price": "19.99", "quantity": 11, "photo_url": "https://images.costco-static.com/ImageDelivery/imageService?profileId=12026539&itemId=599010-894&recipeName=680", "created_at": "2024-06-16T03:10:34.873Z"}}, {"model": "eCoffee.product", "pk": 63, "fields": {"description": "Lavazza Qualita Rossa - 1 kg Bag of Espresso Beans - Authentic Italian", "category": "LAVAZZA", "price": "19.99", "quantity": 44, "photo_url": "https://www.discountcoffee.ie/media/catalog/product/cache/c2d815c1072fa3a174129d23ce5efbb8/7/1/71r8e3erqcl._ac_sl1500__ozbsixfejfvwsmbo.jpg", "created_at": "2024-06-16T03:11:36.407Z"}}, {"model": "eCoffee.product", "pk": 64, "fields": {"description": "Lavazza Espresso Gran Crema Beans, 1000gm(Packaging May Vary)", "category": "LAVAZZA", "price": "23.99", "quantity": 88, "photo_url": "https://cdn0.woolworths.media/content/wowproductimages/large/309672.jpg", "created_at": "2024-06-16T03:12:16.985Z"}}, {"model": "eCoffee.product", "pk": 65, "fields": {"description": "Lavazza Crema E Gusto Ground Coffee Blend, Espresso Dark Roast, 250 g Brick", "category": "LAVAZZA", "price": "4.49", "quantity": 44, "photo_url": "https://kaffekapslen.media/media/catalog/product/cache/874cc1dc39844d26ad7be3d843259d32/c/b/cb-lavazza-1000g-caffe-crema-dolce-1001.jpg", "created_at": "2024-06-16T03:13:20.440Z"}}, {"model": "eCoffee.product", "pk": 66, "fields": {"description": "Lavazza Super Crema Espresso Whole Bean Coffee, 2.2-Pound Bag 2-Pack by Lavazza", "category": "LAVAZZA", "price": "74.99", "quantity": 55, "photo_url": "https://www.gourmetitalian.com/v/vspfiles/photos/4289-2.jpg", "created_at": "2024-06-16T03:14:34.791Z"}}, {"model": "eCoffee.product", "pk": 67, "fields": {"description": "Lavazza Espresso Gran Crema Beans, 1000gm (Packaging May Vary)", "category": "LAVAZZA", "price": "34.98", "quantity": 88, "photo_url": "https://vegandistrict.my/cdn/shop/products/IMG_9931.jpg?v=1597076769", "created_at": "2024-06-16T03:16:06.774Z"}}, {"model": "eCoffee.product", "pk": 68, "fields": {"description": "Lavazza - Top Class Filtro Medium Roast Coffee Beans - Rounded Flavour", "category": "LAVAZZA", "price": "65.19", "quantity": 11, "photo_url": "https://funfoods.ca/cdn/shop/files/TopClassCoffeeBeans-6x1KG-LavazzaCoffeeCanada_grande.webp?v=1716953326", "created_at": "2024-06-16T03:17:28.389Z"}}, {"model": "eCoffee.product", "pk": 69, "fields": {"description": "Lifeboost Coffee Medium Roast Ground Coffee - Low Acid Single Origin USDA Organic Coffee - Non-GMO", "category": "LIFEBOOST", "price": "28.95", "quantity": 88, "photo_url": "https://www.cuisineathome.com/review/wp-content/uploads/2024/04/lifeboost-coffee-medium-roast-ground-cuisine-channel-324-article-226543-review-1297130.jpg", "created_at": "2024-06-16T03:25:14.318Z"}}, {"model": "eCoffee.product", "pk": 70, "fields": {"description": "Lifeboost Coffee Whole Bean Coffee Dark Roast - Low Acid Single Origin USDA Organic Coffee - Non-GMO Whole Bean Coffee", "category": "LIFEBOOST", "price": "28.95", "quantity": 55, "photo_url": "https://cdn.shopify.com/s/files/1/0838/4525/products/Lifeboost_Sumatra_DarkROAST_SSC_BN.png?v=1688132383", "created_at": "2024-06-16T03:26:06.668Z"}}, {"model": "eCoffee.product", "pk": 71, "fields": {"description": "Van Houtte Mellow Mocha Ground Coffee, 340g, Can Be Used With Keurig Coffee", "category": "VAN HOUTTE", "price": "9.99", "quantity": 11, "photo_url": "https://assets.shop.loblaws.ca/products/20973067/b1/en/side/20973067_side_a01_@2.png", "created_at": "2024-06-16T03:28:28.700Z"}}, {"model": "eCoffee.product", "pk": 72, "fields": {"description": "Van Houtte Colombian Light Instant Coffee, 100g", "category": "VAN HOUTTE", "price": "7.99", "quantity": 44, "photo_url": "https://product-images.metro.ca/images/hb5/h80/12942014545950.jpg", "created_at": "2024-06-16T03:29:19.052Z"}}, {"model": "eCoffee.product", "pk": 73, "fields": {"description": "Van Houtte Vanilla Hazelnut Decaf K-Cup Coffee Pods, 24 Count For Keurig Coffee Makers", "category": "VAN HOUTTE", "price": "17.99", "quantity": 55, "photo_url": "https://voila.ca/images-v3/2d92d19c-0354-49c0-8a91-5260ed0bf531/228214f5-823d-4307-bb70-642ef24197f8/500x500.jpg", "created_at": "2024-06-16T03:32:15.284Z"}}, {"model": "eCoffee.product", "pk": 74, "fields": {"description": "Van Houtte Vanilla Hazelnut K-Cup Pods 24 Pack", "category": "VAN HOUTTE", "price": "19.99", "quantity": 12, "photo_url": "https://www.cafegransasso.com/wp-content/uploads/2016/01/breakfast-blend-coffee-van-houtte-k-cup_ca_general.png", "created_at": "2024-06-16T03:32:51.202Z"}}, {"model": "eCoffee.product", "pk": 75, "fields": {"description": "Van Houtte Coffees Vanilla Hazelnut K-Cup Portion Pack for Keurig Brewers 96-Count", "category": "VAN HOUTTE", "price": "73.53", "quantity": 11, "photo_url": "https://www.cafegransasso.com/wp-content/uploads/2016/01/sumatra-fair-trade-coffee-van-houtte-k-cup_ca_general.png", "created_at": "2024-06-16T03:33:40.702Z"}}, {"model": "eCoffee.product", "pk": 76, "fields": {"description": "24 Count - Van Houtte Raspberry Chocolate Truffle Coffee Cup For Keurig K-Cup Brewers by Horarary", "category": "VAN HOUTTE", "price": "21.00", "quantity": 44, "photo_url": "https://goldroast.ca/cdn/shop/products/LID_ORIGHOUSEBLEND.jpg?v=1660074529&width=1946", "created_at": "2024-06-16T03:34:27.717Z"}}, {"model": "eCoffee.product", "pk": 77, "fields": {"description": "Van houtte House Blend k-Cups (80 Count)", "category": "VAN HOUTTE", "price": "46.99", "quantity": 11, "photo_url": "https://brewcoffeeandteaco.com/cdn/shop/products/VanHoutteSWPDecaf2_1000x1000.jpg?v=1614276396", "created_at": "2024-06-16T03:35:25.987Z"}}, {"model": "eCoffee.product", "pk": 78, "fields": {"description": "Van Houtte Mexico Organic Fairtrade K-Cup Coffee Pods, 80 Count For Keurig Coffee", "category": "VAN HOUTTE", "price": "67.99", "quantity": 11, "photo_url": "https://m.media-amazon.com/images/I/51fLRg0dCsL.jpg", "created_at": "2024-06-16T03:36:42.751Z"}}, {"model": "eCoffee.product", "pk": 79, "fields": {"description": "Van Houtte Dulce de Leche K-Cup Coffee Pods, 96 Count For Keurig Coffee Makers", "category": "VAN HOUTTE", "price": "69.99", "quantity": 11, "photo_url": "https://images.keurig.com/is/image/keurig/vh-dulcedeleche-pods_cab2c_fr_general?fmt=png-alpha", "created_at": "2024-06-16T03:37:51.036Z"}}, {"model": "eCoffee.product", "pk": 80, "fields": {"description": "Nescafé Gold Espresso Instant Coffee, 200g", "category": "NESCAFE", "price": "7.47", "quantity": 33, "photo_url": "https://bulkmart.ca/cdn/shop/products/nestle-nescafe-gold-origins-colombia-coffee-95-g-524136_675x675.png?v=1611513570", "created_at": "2024-06-29T05:53:59.828Z"}}, {"model": "eCoffee.product", "pk": 81, "fields": {"description": "NESCAFÉ Sweet & Creamy Original, Instant Coffee Sachets", "category": "NESCAFE", "price": "19.24", "quantity": 66, "photo_url": "https://a1coffee.net/cdn/shop/files/white-nescafe.sticks.jpg?v=1695990285&width=480", "created_at": "2024-06-29T05:55:54.368Z"}}, {"model": "eCoffee.product", "pk": 82, "fields": {"description": "Nescafé Instant Coffee Granules Gold Blend 500 g", "category": "NESCAFE", "price": "72.99", "quantity": 22, "photo_url": "https://assets.shop.loblaws.ca/products/21363371/b1/en/front/21363371_front_a01_@2.png", "created_at": "2024-06-29T05:57:42.001Z"}}, {"model": "eCoffee.product", "pk": 83, "fields": {"description": "Dark Roast Coffee, Single Serve Keurig K Cup Pods, 30 Count", "category": "TIM HORTONS", "price": "24.99", "quantity": 33, "photo_url": "https://m.media-amazon.com/images/I/81WZaCM5gdL.jpg", "created_at": "2024-06-29T06:00:01.812Z"}}, {"model": "eCoffee.product", "pk": 84, "fields": {"description": "Hazelnut, Fine Grind Coffee, Medium Roast, 300g Bag", "category": "TIM HORTONS", "price": "8.99", "quantity": 44, "photo_url": "https://voila.ca/images-v3/2d92d19c-0354-49c0-8a91-5260ed0bf531/0884c651-94db-41cb-854b-8673902e64fe/500x500.jpg", "created_at": "2024-06-29T06:00:44.031Z"}}, {"model": "eCoffee.product", "pk": 85, "fields": {"description": "Ethical Bean Super Dark French Roast Coffee", "category": "ETHICAL BEAN", "price": "27.94", "quantity": 44, "photo_url": "https://images.costco-static.com/ImageDelivery/imageService?profileId=12026539&itemId=3270001-894&recipeName=680", "created_at": "2024-06-29T06:01:55.583Z"}}, {"model": "eCoffee.product", "pk": 86, "fields": {"description": "Ethical Bean Coffee Exotic Whole Bean Medium Roast Coffee", "category": "ETHICAL BEAN", "price": "15.99", "quantity": 44, "photo_url": "https://m.media-amazon.com/images/I/71E-5068nmL.jpg", "created_at": "2024-06-29T06:02:31.599Z"}}, {"model": "eCoffee.product", "pk": 87, "fields": {"description": "Starbucks Coffee Pods House Blend Medium Roast 10 K-Cups", "category": "STARBUCK", "price": "33.99", "quantity": 55, "photo_url": "https://voila.ca/images-v3/2d92d19c-0354-49c0-8a91-5260ed0bf531/8cbbc9d9-4770-401f-9af6-74d0cb9f4fbe/500x500.jpg", "created_at": "2024-06-29T06:04:08.833Z"}}, {"model": "eCoffee.product", "pk": 89, "fields": {"description": "Nabob Coffee Co. Medium Roast Breakfast Blend Ground Coffee (", "category": "NABOB", "price": "15.56", "quantity": 66, "photo_url": "https://img.cdn4dd.com/cdn-cgi/image/fit=contain,width=1200,height=672,format=auto/https://doordash-static.s3.amazonaws.com/media/photosV2/c5e23638-1440-4452-80b3-7d30d44898b0-retina-large.jpg", "created_at": "2024-06-29T06:06:44.497Z"}}, {"model": "eCoffee.product", "pk": 90, "fields": {"description": "Nabob Coffee Bold Gastown Grind Medium Bold Roast 375G", "category": "NABOB", "price": "10.22", "quantity": 22, "photo_url": "https://storage.googleapis.com/buggy-ca-product/1467666246577acf4641029-241x501.jpg", "created_at": "2024-06-29T06:07:49.082Z"}}, {"model": "eCoffee.product", "pk": 91, "fields": {"description": "49th Parallel Coffee Roasters Epic Espresso", "category": "49TH PARALLEL", "price": "12.22", "quantity": 33, "photo_url": "https://m.media-amazon.com/images/I/61AE80n-wVL.jpg", "created_at": "2024-06-29T06:08:52.002Z"}}, {"model": "eCoffee.cart", "pk": 1, "fields": {"user": 1}}, {"model": "eCoffee.cart", "pk": 2, "fields": {"user": 3}}, {"model": "eCoffee.cart", "pk": 4, "fields": {"user": 4}}, {"model": "eCoffee.order", "pk": 22, "fields": {"cart": 4, "payment_status": true, "placed_order_at": "2024-06-29T07:17:15.266Z", "payment_intent_id": "pi_3PWvX3A8hitTZ8gp0D9eQHh9", "amount": 61.96}}, {"model": "eCoffee.order", "pk": 23, "fields": {"cart": 4, "payment_status": true, "placed_order_at": "2024-06-29T07:28:09.619Z", "payment_intent_id": "pi_3PWvhcA8hitTZ8gp0uYnueYN", "amount": 46.42}}, {"model": "eCoffee.order", "pk": 24, "fields": {"cart": 4, "payment_status": true, "placed_order_at": "2024-06-29T17:38:37.729Z", "payment_intent_id": "pi_3PWXJRA8hitTZ8gp1uoAfPgk", "amount": 1000.0}}, {"model": "eCoffee.order", "pk": 41, "fields": {"cart": 1, "payment_status": true, "placed_order_at": "2024-05-30T19:57:00Z", "payment_intent_id": "pi_3PWXJRA8hitTZ8gp1uoAfPgk", "amount": 28000.0}}, {"model": "eCoffee.order", "pk": 42, "fields": {"cart": 1, "payment_status": true, "placed_order_at": "2024-06-01T19:57:00Z", "payment_intent_id": "pi_3PWXJRA8hitTZ8gp1uoAfPgk", "amount": 66000.0}}, {"model": "eCoffee.order", "pk": 43, "fields": {"cart": 2, "payment_status": true, "placed_order_at": "2024-06-30T20:00:41.939Z", "payment_intent_id": "pi_3PXTvQA8hitTZ8gp0bFwosdx", "amount": 98.88}}, {"model": "eCoffee.order", "pk": 44, "fields": {"cart": 4, "payment_status": true, "placed_order_at": "2024-06-30T20:02:57.832Z", "payment_intent_id": "pi_3PXTxcA8hitTZ8gp1VEOuFM0", "amount": 114.21}}, {"model": "eCoffee.order", "pk": 45, "fields": {"cart": 4, "payment_status": true, "placed_order_at": "2024-06-30T21:20:19.877Z", "payment_intent_id": "pi_3PXVAUA8hitTZ8gp1oD9AXs5", "amount": 38.29}}, {"model": "eCoffee.order", "pk": 48, "fields": {"cart": 4, "payment_status": true, "placed_order_at": "2024-06-30T21:31:24.021Z", "payment_intent_id": "pi_3PXVLCA8hitTZ8gp1fhIz0IW", "amount": 38.82}}, {"model": "eCoffee.order", "pk": 49, "fields": {"cart": 4, "payment_status": true, "placed_order_at": "2024-07-10T21:33:00Z", "payment_intent_id": "pi_3PWXJRA8hitTZ8gp1uoAfPgk", "amount": 20000.0}}, {"model": "eCoffee.order", "pk": 50, "fields": {"cart": 2, "payment_status": true, "placed_order_at": "2024-08-30T21:33:00Z", "payment_intent_id": "pi_3PWXJRA8hitTZ8gp1uoAfPgk", "amount": 50000.0}}, {"model": "eCoffee.order", "pk": 51, "fields": {"cart": 2, "payment_status": true, "placed_order_at": "2024-07-11T20:23:34.453Z", "payment_intent_id": "pi_3PbTWaA8hitTZ8gp1ri9ctWt", "amount": 115.12}}, {"model": "eCoffee.order", "pk": 52, "fields": {"cart": 2, "payment_status": true, "placed_order_at": "2024-07-11T20:26:52.694Z", "payment_intent_id": "pi_3PbTZnA8hitTZ8gp0PeJmfna", "amount": 233.95}}, {"model": "eCoffee.order", "pk": 53, "fields": {"cart": 2, "payment_status": true, "placed_order_at": "2024-07-11T20:28:34.910Z", "payment_intent_id": "pi_3PbTbRA8hitTZ8gp1xesfUT6", "amount": 33.47}}, {"model": "eCoffee.orderitem", "pk": 3, "fields": {"order": 23, "product": 84, "quantity_purchased": 1, "sub_total": 8.99}}, {"model": "eCoffee.orderitem", "pk": 4, "fields": {"order": 23, "product": 83, "quantity_purchased": 1, "sub_total": 24.99}}, {"model": "eCoffee.orderitem", "pk": 5, "fields": {"order": 23, "product": 80, "quantity_purchased": 1, "sub_total": 7.47}}, {"model": "eCoffee.orderitem", "pk": 8, "fields": {"order": 44, "product": 87, "quantity_purchased": 3, "sub_total": 101.97}}, {"model": "eCoffee.orderitem", "pk": 10, "fields": {"order": 45, "product": 91, "quantity_purchased": 1, "sub_total": 12.22}}, {"model": "eCoffee.orderitem", "pk": 11, "fields": {"order": 48, "product": 91, "quantity_purchased": 2, "sub_total": 24.44}}, {"model": "eCoffee.orderitem", "pk": 12, "fields": {"order": 48, "product": 90, "quantity_purchased": 1, "sub_total": 10.22}}, {"model": "eCoffee.orderitem", "pk": 13, "fields": {"order": 51, "product": 89, "quantity_purchased": 5, "sub_total": 77.8}}, {"model": "eCoffee.orderitem", "pk": 14, "fields": {"order": 51, "product": 83, "quantity_purchased": 1, "sub_total": 24.99}}, {"model": "eCoffee.orderitem", "pk": 15, "fields": {"order": 52, "product": 89, "quantity_purchased": 7, "sub_total": 108.92}}, {"model": "eCoffee.orderitem", "pk": 16, "fields": {"order": 52, "product": 83, "quantity_purchased": 4, "sub_total": 99.96}}, {"model": "eCoffee.orderitem", "pk": 17, "fields": {"order": 53, "product": 80, "quantity_purchased": 4, "sub_total": 29.88}}, {"model": "admin.logentry", "pk": 1, "fields": {"action_time": "2024-05-20T01:03:04.191Z", "user": 2, "content_type": 7, "object_id": "1", "object_repr": "product_id: 1 Nescafé Gold Espresso Instant Coffee, 200g, price $13.97", "action_flag": 1, "change_message": "[{\"added\": {}}]"}}, {"model": "admin.logentry", "pk": 2, "fields": {"action_time": "2024-05-20T01:04:15.704Z", "user": 2, "content_type": 7, "object_id": "2", "object_repr": "product_id: 2 Starbucks Espresso Roast Whole Bean Coffee, 907 gram, price $21.56", "action_flag": 1, "change_message": "[{\"added\": {}}]"}}, {"model": "admin.logentry", "pk": 3, "fields": {"action_time": "2024-05-29T02:42:11.778Z", "user": 2, "content_type": 9, "object_id": "12", "object_repr": "item: Maxwell House Half Caff Original Roast Instant Coffee, 150g with quantity: 1", "action_flag": 3, "change_message": ""}}, {"model": "admin.logentry", "pk": 4, "fields": {"action_time": "2024-05-29T02:42:11.779Z", "user": 2, "content_type": 9, "object_id": "11", "object_repr": "item: Maxwell House International Hazelnut Cafe-Style Beverage Mix, 9 oz Canisters (Pack of 4) with quantity: 1", "action_flag": 3, "change_message": ""}}, {"model": "admin.logentry", "pk": 5, "fields": {"action_time": "2024-05-29T02:42:11.780Z", "user": 2, "content_type": 9, "object_id": "10", "object_repr": "item: Maxwell House Colombian Blend Ground Coffee, 631g with quantity: 1", "action_flag": 3, "change_message": ""}}, {"model": "admin.logentry", "pk": 6, "fields": {"action_time": "2024-05-29T02:42:11.781Z", "user": 2, "content_type": 9, "object_id": "9", "object_repr": "item: Kicking Horse Coffee - Three Sisters Blend,Whole Bean 100% Arabica Coffee | Medium Roast | All Organic & Fairtrade | 850 g with quantity: 1", "action_flag": 3, "change_message": ""}}, {"model": "admin.logentry", "pk": 7, "fields": {"action_time": "2024-05-29T02:42:11.781Z", "user": 2, "content_type": 9, "object_id": "8", "object_repr": "item: Kicking Horse Coffee, Three Sisters, Medium Roast, Whole Bean, 1 lb - Certified Organic, Fairtrade, Kosher Coffee ... with quantity: 1", "action_flag": 3, "change_message": ""}}, {"model": "admin.logentry", "pk": 8, "fields": {"action_time": "2024-05-29T02:42:11.782Z", "user": 2, "content_type": 9, "object_id": "7", "object_repr": "item: Starbucks Pike Place Roast Ground Coffee, Medium Roast, 793 Grams with quantity: 1", "action_flag": 3, "change_message": ""}}, {"model": "admin.logentry", "pk": 9, "fields": {"action_time": "2024-05-29T02:42:11.782Z", "user": 2, "content_type": 9, "object_id": "6", "object_repr": "item: Maxwell House Suisse Mocha Flavoured Instant Coffee, 205g (Pack of 8) with quantity: 1", "action_flag": 3, "change_message": ""}}, {"model": "admin.logentry", "pk": 10, "fields": {"action_time": "2024-05-29T02:42:11.783Z", "user": 2, "content_type": 9, "object_id": "5", "object_repr": "item: Tassimo Maxwell House Rich Dark Roast Coffee Single Serve T-Discs, 109g with quantity: 1", "action_flag": 3, "change_message": ""}}, {"model": "admin.logentry", "pk": 11, "fields": {"action_time": "2024-05-29T02:42:11.783Z", "user": 2, "content_type": 9, "object_id": "4", "object_repr": "item: Maxwell House House Blend Coffee 100% Compostable K Cup Coffee Pods, 585g with quantity: 1", "action_flag": 3, "change_message": ""}}, {"model": "admin.logentry", "pk": 12, "fields": {"action_time": "2024-05-29T02:42:11.784Z", "user": 2, "content_type": 9, "object_id": "3", "object_repr": "item: Lavazza Organic Tierra Whole Bean Coffee Blend - Light Roast, Premium Arabica Beans - 1KG Bag with quantity: 1", "action_flag": 3, "change_message": ""}}, {"model": "admin.logentry", "pk": 13, "fields": {"action_time": "2024-05-29T02:42:11.785Z", "user": 2, "content_type": 9, "object_id": "2", "object_repr": "item: Maxwell House Original Roast Ground Coffee, 300g, Pack of 6 with quantity: 1", "action_flag": 3, "change_message": ""}}, {"model": "admin.logentry", "pk": 14, "fields": {"action_time": "2024-05-29T02:42:11.785Z", "user": 2, "content_type": 9, "object_id": "1", "object_repr": "item: Lavazza Perfetto Ground Coffee Blend, Dark Roast, Non-GMO, 100% Arabica with Full-Bodied Taste, 1 Pack with quantity: 1", "action_flag": 3, "change_message": ""}}, {"model": "admin.logentry", "pk": 15, "fields": {"action_time": "2024-06-28T05:12:18.937Z", "user": 2, "content_type": 9, "object_id": "76", "object_repr": "item: Van Houtte Mellow Mocha Ground Coffee, 340g, Can Be Used With Keurig Coffee with quantity: 1", "action_flag": 2, "change_message": "[]"}}, {"model": "admin.logentry", "pk": 16, "fields": {"action_time": "2024-06-28T05:12:31.088Z", "user": 2, "content_type": 9, "object_id": "75", "object_repr": "item: Van Houtte Colombian Light Instant Coffee, 100g with quantity: 1", "action_flag": 2, "change_message": "[]"}}, {"model": "admin.logentry", "pk": 17, "fields": {"action_time": "2024-06-28T05:12:46.182Z", "user": 2, "content_type": 10, "object_id": "2", "object_repr": "this cart 2 is for username: ben", "action_flag": 2, "change_message": "[]"}}, {"model": "admin.logentry", "pk": 18, "fields": {"action_time": "2024-06-28T16:49:01.872Z", "user": 2, "content_type": 9, "object_id": "79", "object_repr": "item: Van Houtte Mexico Organic Fairtrade K-Cup Coffee Pods, 80 Count For Keurig Coffee with quantity: 1", "action_flag": 3, "change_message": ""}}, {"model": "admin.logentry", "pk": 19, "fields": {"action_time": "2024-06-28T16:49:01.874Z", "user": 2, "content_type": 9, "object_id": "78", "object_repr": "item: Lifeboost Coffee Medium Roast Ground Coffee - Low Acid Single Origin USDA Organic Coffee - Non-GMO with quantity: 1", "action_flag": 3, "change_message": ""}}, {"model": "admin.logentry", "pk": 20, "fields": {"action_time": "2024-06-28T16:49:01.875Z", "user": 2, "content_type": 9, "object_id": "77", "object_repr": "item: Lifeboost Coffee Whole Bean Coffee Dark Roast - Low Acid Single Origin USDA Organic Coffee - Non-GMO Whole Bean Coffee with quantity: 1", "action_flag": 3, "change_message": ""}}, {"model": "admin.logentry", "pk": 21, "fields": {"action_time": "2024-06-28T16:49:12.670Z", "user": 2, "content_type": 8, "object_id": "18", "object_repr": "Order id 18 for hon with status successful with amount received CAD$ 12.31", "action_flag": 3, "change_message": ""}}, {"model": "admin.logentry", "pk": 22, "fields": {"action_time": "2024-06-28T16:49:12.672Z", "user": 2, "content_type": 8, "object_id": "17", "object_repr": "Order id 17 for ben with status successful with amount received CAD$ 10.06", "action_flag": 3, "change_message": ""}}, {"model": "admin.logentry", "pk": 23, "fields": {"action_time": "2024-06-28T16:49:12.673Z", "user": 2, "content_type": 8, "object_id": "16", "object_repr": "Order id 16 for ben with status canceled with amount received CAD$ 0.0", "action_flag": 3, "change_message": ""}}, {"model": "admin.logentry", "pk": 24, "fields": {"action_time": "2024-06-28T16:49:12.674Z", "user": 2, "content_type": 8, "object_id": "15", "object_repr": "Order id 15 for ben with status canceled with amount received CAD$ 0.0", "action_flag": 3, "change_message": ""}}, {"model": "admin.logentry", "pk": 25, "fields": {"action_time": "2024-06-28T16:49:12.675Z", "user": 2, "content_type": 8, "object_id": "14", "object_repr": "Order id 14 for ben with status canceled with amount received CAD$ 0.0", "action_flag": 3, "change_message": ""}}, {"model": "admin.logentry", "pk": 26, "fields": {"action_time": "2024-06-28T16:49:12.676Z", "user": 2, "content_type": 8, "object_id": "13", "object_repr": "Order id 13 for ben with status canceled with amount received CAD$ 0.0", "action_flag": 3, "change_message": ""}}, {"model": "admin.logentry", "pk": 27, "fields": {"action_time": "2024-06-28T16:49:12.677Z", "user": 2, "content_type": 8, "object_id": "12", "object_repr": "Order id 12 for ben with status canceled with amount received CAD$ 0.0", "action_flag": 3, "change_message": ""}}, {"model": "admin.logentry", "pk": 28, "fields": {"action_time": "2024-06-28T16:49:12.677Z", "user": 2, "content_type": 8, "object_id": "11", "object_repr": "Order id 11 for ben with status canceled with amount received CAD$ 0.0", "action_flag": 3, "change_message": ""}}, {"model": "admin.logentry", "pk": 29, "fields": {"action_time": "2024-06-28T16:49:12.678Z", "user": 2, "content_type": 8, "object_id": "10", "object_repr": "Order id 10 for ben with status canceled with amount received CAD$ 0.0", "action_flag": 3, "change_message": ""}}, {"model": "admin.logentry", "pk": 30, "fields": {"action_time": "2024-06-28T16:49:12.679Z", "user": 2, "content_type": 8, "object_id": "9", "object_repr": "Order id 9 for ben with status canceled with amount received CAD$ 0.0", "action_flag": 3, "change_message": ""}}, {"model": "admin.logentry", "pk": 31, "fields": {"action_time": "2024-06-28T16:49:12.680Z", "user": 2, "content_type": 8, "object_id": "8", "object_repr": "Order id 8 for ben with status canceled with amount received CAD$ 0.0", "action_flag": 3, "change_message": ""}}, {"model": "admin.logentry", "pk": 32, "fields": {"action_time": "2024-06-28T16:49:12.680Z", "user": 2, "content_type": 8, "object_id": "7", "object_repr": "Order id 7 for ben with status canceled with amount received CAD$ 0.0", "action_flag": 3, "change_message": ""}}, {"model": "admin.logentry", "pk": 33, "fields": {"action_time": "2024-06-28T16:49:12.681Z", "user": 2, "content_type": 8, "object_id": "6", "object_repr": "Order id 6 for hon with status canceled with amount received CAD$ 0.0", "action_flag": 3, "change_message": ""}}, {"model": "admin.logentry", "pk": 34, "fields": {"action_time": "2024-06-28T16:49:12.682Z", "user": 2, "content_type": 8, "object_id": "5", "object_repr": "Order id 5 for ben with status canceled with amount received CAD$ 0.0", "action_flag": 3, "change_message": ""}}, {"model": "admin.logentry", "pk": 35, "fields": {"action_time": "2024-06-28T16:49:12.682Z", "user": 2, "content_type": 8, "object_id": "4", "object_repr": "Order id 4 for ben with status successful with amount received CAD$ 111.94", "action_flag": 3, "change_message": ""}}, {"model": "admin.logentry", "pk": 36, "fields": {"action_time": "2024-06-28T16:49:12.683Z", "user": 2, "content_type": 8, "object_id": "3", "object_repr": "Order id 3 for ben with status successful with amount received CAD$ 44.78", "action_flag": 3, "change_message": ""}}, {"model": "admin.logentry", "pk": 37, "fields": {"action_time": "2024-06-28T16:49:12.684Z", "user": 2, "content_type": 8, "object_id": "2", "object_repr": "Order id 2 for ben with status canceled with amount received CAD$ 0.0", "action_flag": 3, "change_message": ""}}, {"model": "admin.logentry", "pk": 38, "fields": {"action_time": "2024-06-28T16:49:12.685Z", "user": 2, "content_type": 8, "object_id": "1", "object_repr": "Order id 1 for unknown with status successful with amount received CAD$ 1000.0", "action_flag": 3, "change_message": ""}}, {"model": "admin.logentry", "pk": 39, "fields": {"action_time": "2024-06-28T16:49:38.243Z", "user": 2, "content_type": 1, "object_id": "5", "object_repr": "unknown", "action_flag": 3, "change_message": ""}}, {"model": "admin.logentry", "pk": 40, "fields": {"action_time": "2024-06-28T17:10:31.146Z", "user": 2, "content_type": 9, "object_id": "84", "object_repr": "item: Folgers Classic Decaf Decaffeinated Instant Coffee Crystals, 8 Ounces with quantity: 5", "action_flag": 2, "change_message": "[{\"changed\": {\"fields\": [\"Quantity purchased\"]}}]"}}, {"model": "admin.logentry", "pk": 41, "fields": {"action_time": "2024-06-29T06:47:01.550Z", "user": 2, "content_type": 8, "object_id": "20", "object_repr": "Order id 20 for christie with status successful with amount received CAD$ 44.73", "action_flag": 3, "change_message": ""}}, {"model": "admin.logentry", "pk": 42, "fields": {"action_time": "2024-06-29T06:47:01.553Z", "user": 2, "content_type": 8, "object_id": "19", "object_repr": "Order id 19 for christie with status successful with amount received CAD$ 64.84", "action_flag": 3, "change_message": ""}}, {"model": "admin.logentry", "pk": 43, "fields": {"action_time": "2024-06-29T06:47:09.313Z", "user": 2, "content_type": 9, "object_id": "85", "object_repr": "item: Folgers Hazelnut Ground Coffee, 11.5-Ounce Can with quantity: 1", "action_flag": 3, "change_message": ""}}, {"model": "admin.logentry", "pk": 44, "fields": {"action_time": "2024-06-29T06:47:09.315Z", "user": 2, "content_type": 9, "object_id": "84", "object_repr": "item: Folgers Classic Decaf Decaffeinated Instant Coffee Crystals, 8 Ounces with quantity: 1", "action_flag": 3, "change_message": ""}}, {"model": "admin.logentry", "pk": 45, "fields": {"action_time": "2024-06-29T07:16:21.548Z", "user": 2, "content_type": 8, "object_id": "21", "object_repr": "Order id 21 for christie with status successful with amount received CAD$ 77.02", "action_flag": 3, "change_message": ""}}, {"model": "admin.logentry", "pk": 46, "fields": {"action_time": "2024-06-29T17:38:37.731Z", "user": 2, "content_type": 8, "object_id": "24", "object_repr": "Order id 24 for christie with status successful with amount received CAD$ 1000.0", "action_flag": 1, "change_message": "[{\"added\": {}}]"}}, {"model": "admin.logentry", "pk": 47, "fields": {"action_time": "2024-06-29T18:22:51.092Z", "user": 2, "content_type": 8, "object_id": "25", "object_repr": "Order id 25 for christie with status successful with amount received CAD$ 2000.0", "action_flag": 1, "change_message": "[{\"added\": {}}]"}}, {"model": "admin.logentry", "pk": 48, "fields": {"action_time": "2024-06-29T18:25:00.039Z", "user": 2, "content_type": 8, "object_id": "26", "object_repr": "Order id 26 for christie with status canceled with amount received CAD$ 7000.0", "action_flag": 1, "change_message": "[{\"added\": {}}]"}}, {"model": "admin.logentry", "pk": 49, "fields": {"action_time": "2024-06-29T20:02:49.747Z", "user": 2, "content_type": 8, "object_id": "26", "object_repr": "Order id 26 for christie with status canceled with amount received CAD$ 7000.0", "action_flag": 3, "change_message": ""}}, {"model": "admin.logentry", "pk": 50, "fields": {"action_time": "2024-06-29T20:05:33.894Z", "user": 2, "content_type": 8, "object_id": "27", "object_repr": "Order id 27 for christie with status successful with amount received CAD$ 500.0", "action_flag": 1, "change_message": "[{\"added\": {}}]"}}, {"model": "admin.logentry", "pk": 51, "fields": {"action_time": "2024-06-29T20:06:06.263Z", "user": 2, "content_type": 8, "object_id": "28", "object_repr": "Order id 28 for christie with status successful with amount received CAD$ 3000.0", "action_flag": 1, "change_message": "[{\"added\": {}}]"}}, {"model": "admin.logentry", "pk": 52, "fields": {"action_time": "2024-06-29T20:06:37.225Z", "user": 2, "content_type": 8, "object_id": "29", "object_repr": "Order id 29 for christie with status canceled with amount received CAD$ 10000.0", "action_flag": 1, "change_message": "[{\"added\": {}}]"}}, {"model": "admin.logentry", "pk": 53, "fields": {"action_time": "2024-06-29T20:07:10.933Z", "user": 2, "content_type": 8, "object_id": "30", "object_repr": "Order id 30 for christie with status successful with amount received CAD$ 15000.0", "action_flag": 1, "change_message": "[{\"added\": {}}]"}}, {"model": "admin.logentry", "pk": 54, "fields": {"action_time": "2024-06-29T20:07:41.990Z", "user": 2, "content_type": 8, "object_id": "31", "object_repr": "Order id 31 for christie with status successful with amount received CAD$ 34000.0", "action_flag": 1, "change_message": "[{\"added\": {}}]"}}, {"model": "admin.logentry", "pk": 55, "fields": {"action_time": "2024-06-29T20:08:13.379Z", "user": 2, "content_type": 8, "object_id": "32", "object_repr": "Order id 32 for christie with status successful with amount received CAD$ 29000.0", "action_flag": 1, "change_message": "[{\"added\": {}}]"}}, {"model": "admin.logentry", "pk": 56, "fields": {"action_time": "2024-06-29T20:08:39.531Z", "user": 2, "content_type": 8, "object_id": "33", "object_repr": "Order id 33 for christie with status successful with amount received CAD$ 70000.0", "action_flag": 1, "change_message": "[{\"added\": {}}]"}}, {"model": "admin.logentry", "pk": 57, "fields": {"action_time": "2024-06-29T20:09:03.128Z", "user": 2, "content_type": 8, "object_id": "34", "object_repr": "Order id 34 for christie with status successful with amount received CAD$ 55000.0", "action_flag": 1, "change_message": "[{\"added\": {}}]"}}, {"model": "admin.logentry", "pk": 58, "fields": {"action_time": "2024-06-29T20:09:24.493Z", "user": 2, "content_type": 8, "object_id": "35", "object_repr": "Order id 35 for christie with status successful with amount received CAD$ 23000.0", "action_flag": 1, "change_message": "[{\"added\": {}}]"}}, {"model": "admin.logentry", "pk": 59, "fields": {"action_time": "2024-06-29T20:09:45.845Z", "user": 2, "content_type": 8, "object_id": "36", "object_repr": "Order id 36 for christie with status successful with amount received CAD$ 59000.0", "action_flag": 1, "change_message": "[{\"added\": {}}]"}}, {"model": "admin.logentry", "pk": 60, "fields": {"action_time": "2024-06-29T20:10:12.696Z", "user": 2, "content_type": 8, "object_id": "37", "object_repr": "Order id 37 for christie with status canceled with amount received CAD$ 28000.0", "action_flag": 1, "change_message": "[{\"added\": {}}]"}}, {"model": "admin.logentry", "pk": 61, "fields": {"action_time": "2024-06-29T20:10:46.012Z", "user": 2, "content_type": 8, "object_id": "38", "object_repr": "Order id 38 for christie with status successful with amount received CAD$ 199000.0", "action_flag": 1, "change_message": "[{\"added\": {}}]"}}, {"model": "admin.logentry", "pk": 62, "fields": {"action_time": "2024-06-29T20:13:38.940Z", "user": 2, "content_type": 8, "object_id": "32", "object_repr": "Order id 32 for christie with status successful with amount received CAD$ 29000.0", "action_flag": 3, "change_message": ""}}, {"model": "admin.logentry", "pk": 63, "fields": {"action_time": "2024-06-29T20:13:38.942Z", "user": 2, "content_type": 8, "object_id": "27", "object_repr": "Order id 27 for christie with status successful with amount received CAD$ 500.0", "action_flag": 3, "change_message": ""}}, {"model": "admin.logentry", "pk": 64, "fields": {"action_time": "2024-06-29T20:13:38.943Z", "user": 2, "content_type": 8, "object_id": "25", "object_repr": "Order id 25 for christie with status successful with amount received CAD$ 2000.0", "action_flag": 3, "change_message": ""}}, {"model": "admin.logentry", "pk": 65, "fields": {"action_time": "2024-06-29T20:14:01.348Z", "user": 2, "content_type": 8, "object_id": "39", "object_repr": "Order id 39 for christie with status successful with amount received CAD$ 66000.0", "action_flag": 1, "change_message": "[{\"added\": {}}]"}}, {"model": "admin.logentry", "pk": 66, "fields": {"action_time": "2024-06-29T20:14:19.582Z", "user": 2, "content_type": 8, "object_id": "38", "object_repr": "Order id 38 for christie with status successful with amount received CAD$ 199000.0", "action_flag": 3, "change_message": ""}}, {"model": "admin.logentry", "pk": 67, "fields": {"action_time": "2024-06-29T20:16:19.124Z", "user": 2, "content_type": 8, "object_id": "36", "object_repr": "Order id 36 for christie with status successful with amount received CAD$ 59000.0", "action_flag": 3, "change_message": ""}}, {"model": "admin.logentry", "pk": 68, "fields": {"action_time": "2024-06-29T20:16:19.126Z", "user": 2, "content_type": 8, "object_id": "35", "object_repr": "Order id 35 for christie with status successful with amount received CAD$ 23000.0", "action_flag": 3, "change_message": ""}}, {"model": "admin.logentry", "pk": 69, "fields": {"action_time": "2024-06-29T20:16:19.127Z", "user": 2, "content_type": 8, "object_id": "34", "object_repr": "Order id 34 for christie with status successful with amount received CAD$ 55000.0", "action_flag": 3, "change_message": ""}}, {"model": "admin.logentry", "pk": 70, "fields": {"action_time": "2024-06-29T20:16:19.128Z", "user": 2, "content_type": 8, "object_id": "33", "object_repr": "Order id 33 for christie with status successful with amount received CAD$ 70000.0", "action_flag": 3, "change_message": ""}}, {"model": "admin.logentry", "pk": 71, "fields": {"action_time": "2024-06-29T20:16:19.129Z", "user": 2, "content_type": 8, "object_id": "31", "object_repr": "Order id 31 for christie with status successful with amount received CAD$ 34000.0", "action_flag": 3, "change_message": ""}}, {"model": "admin.logentry", "pk": 72, "fields": {"action_time": "2024-06-29T20:16:19.130Z", "user": 2, "content_type": 8, "object_id": "30", "object_repr": "Order id 30 for christie with status successful with amount received CAD$ 15000.0", "action_flag": 3, "change_message": ""}}, {"model": "admin.logentry", "pk": 73, "fields": {"action_time": "2024-06-29T20:16:19.131Z", "user": 2, "content_type": 8, "object_id": "29", "object_repr": "Order id 29 for christie with status canceled with amount received CAD$ 10000.0", "action_flag": 3, "change_message": ""}}, {"model": "admin.logentry", "pk": 74, "fields": {"action_time": "2024-06-29T20:16:19.132Z", "user": 2, "content_type": 8, "object_id": "28", "object_repr": "Order id 28 for christie with status successful with amount received CAD$ 3000.0", "action_flag": 3, "change_message": ""}}, {"model": "admin.logentry", "pk": 75, "fields": {"action_time": "2024-06-29T20:16:55.767Z", "user": 2, "content_type": 8, "object_id": "40", "object_repr": "Order id 40 for christie with status successful with amount received CAD$ 1200.0", "action_flag": 1, "change_message": "[{\"added\": {}}]"}}, {"model": "admin.logentry", "pk": 76, "fields": {"action_time": "2024-06-30T19:52:41.127Z", "user": 2, "content_type": 8, "object_id": "40", "object_repr": "Order id 40 for christie with status successful with amount received CAD$ 1200.0", "action_flag": 3, "change_message": ""}}, {"model": "admin.logentry", "pk": 77, "fields": {"action_time": "2024-06-30T19:57:05.888Z", "user": 2, "content_type": 8, "object_id": "39", "object_repr": "Order id 39 for christie with status successful with amount received CAD$ 66000.0", "action_flag": 3, "change_message": ""}}, {"model": "admin.logentry", "pk": 78, "fields": {"action_time": "2024-06-30T19:57:05.890Z", "user": 2, "content_type": 8, "object_id": "37", "object_repr": "Order id 37 for christie with status canceled with amount received CAD$ 28000.0", "action_flag": 3, "change_message": ""}}, {"model": "admin.logentry", "pk": 79, "fields": {"action_time": "2024-06-30T19:57:38.047Z", "user": 2, "content_type": 8, "object_id": "41", "object_repr": "Order id 41 for hon with status successful with amount received CAD$ 28000.0", "action_flag": 1, "change_message": "[{\"added\": {}}]"}}, {"model": "admin.logentry", "pk": 80, "fields": {"action_time": "2024-06-30T19:58:04.070Z", "user": 2, "content_type": 8, "object_id": "42", "object_repr": "Order id 42 for hon with status successful with amount received CAD$ 66000.0", "action_flag": 1, "change_message": "[{\"added\": {}}]"}}, {"model": "admin.logentry", "pk": 81, "fields": {"action_time": "2024-06-30T21:22:38.648Z", "user": 2, "content_type": 8, "object_id": "46", "object_repr": "Order id 46 for christie with status successful with amount received CAD$ 10000.0", "action_flag": 1, "change_message": "[{\"added\": {}}]"}}, {"model": "admin.logentry", "pk": 82, "fields": {"action_time": "2024-06-30T21:22:57.502Z", "user": 2, "content_type": 8, "object_id": "47", "object_repr": "Order id 47 for ben with status successful with amount received CAD$ 30000.0", "action_flag": 1, "change_message": "[{\"added\": {}}]"}}, {"model": "admin.logentry", "pk": 83, "fields": {"action_time": "2024-06-30T21:27:19.202Z", "user": 2, "content_type": 8, "object_id": "47", "object_repr": "Order id 47 for ben with status successful with amount received CAD$ 30000.0", "action_flag": 3, "change_message": ""}}, {"model": "admin.logentry", "pk": 84, "fields": {"action_time": "2024-06-30T21:27:19.205Z", "user": 2, "content_type": 8, "object_id": "46", "object_repr": "Order id 46 for christie with status successful with amount received CAD$ 10000.0", "action_flag": 3, "change_message": ""}}, {"model": "admin.logentry", "pk": 85, "fields": {"action_time": "2024-06-30T21:33:26.249Z", "user": 2, "content_type": 8, "object_id": "49", "object_repr": "Order id 49 for christie with status successful with amount received CAD$ 20000.0", "action_flag": 1, "change_message": "[{\"added\": {}}]"}}, {"model": "admin.logentry", "pk": 86, "fields": {"action_time": "2024-06-30T21:33:41.450Z", "user": 2, "content_type": 8, "object_id": "50", "object_repr": "Order id 50 for ben with status successful with amount received CAD$ 50000.0", "action_flag": 1, "change_message": "[{\"added\": {}}]"}}, {"model": "auth.permission", "pk": 1, "fields": {"name": "Can add user", "content_type": 1, "codename": "add_user"}}, {"model": "auth.permission", "pk": 2, "fields": {"name": "Can change user", "content_type": 1, "codename": "change_user"}}, {"model": "auth.permission", "pk": 3, "fields": {"name": "Can delete user", "content_type": 1, "codename": "delete_user"}}, {"model": "auth.permission", "pk": 4, "fields": {"name": "Can view user", "content_type": 1, "codename": "view_user"}}, {"model": "auth.permission", "pk": 5, "fields": {"name": "Can add log entry", "content_type": 2, "codename": "add_logentry"}}, {"model": "auth.permission", "pk": 6, "fields": {"name": "Can change log entry", "content_type": 2, "codename": "change_logentry"}}, {"model": "auth.permission", "pk": 7, "fields": {"name": "Can delete log entry", "content_type": 2, "codename": "delete_logentry"}}, {"model": "auth.permission", "pk": 8, "fields": {"name": "Can view log entry", "content_type": 2, "codename": "view_logentry"}}, {"model": "auth.permission", "pk": 9, "fields": {"name": "Can add permission", "content_type": 3, "codename": "add_permission"}}, {"model": "auth.permission", "pk": 10, "fields": {"name": "Can change permission", "content_type": 3, "codename": "change_permission"}}, {"model": "auth.permission", "pk": 11, "fields": {"name": "Can delete permission", "content_type": 3, "codename": "delete_permission"}}, {"model": "auth.permission", "pk": 12, "fields": {"name": "Can view permission", "content_type": 3, "codename": "view_permission"}}, {"model": "auth.permission", "pk": 13, "fields": {"name": "Can add group", "content_type": 4, "codename": "add_group"}}, {"model": "auth.permission", "pk": 14, "fields": {"name": "Can change group", "content_type": 4, "codename": "change_group"}}, {"model": "auth.permission", "pk": 15, "fields": {"name": "Can delete group", "content_type": 4, "codename": "delete_group"}}, {"model": "auth.permission", "pk": 16, "fields": {"name": "Can view group", "content_type": 4, "codename": "view_group"}}, {"model": "auth.permission", "pk": 17, "fields": {"name": "Can add content type", "content_type": 5, "codename": "add_contenttype"}}, {"model": "auth.permission", "pk": 18, "fields": {"name": "Can change content type", "content_type": 5, "codename": "change_contenttype"}}, {"model": "auth.permission", "pk": 19, "fields": {"name": "Can delete content type", "content_type": 5, "codename": "delete_contenttype"}}, {"model": "auth.permission", "pk": 20, "fields": {"name": "Can view content type", "content_type": 5, "codename": "view_contenttype"}}, {"model": "auth.permission", "pk": 21, "fields": {"name": "Can add session", "content_type": 6, "codename": "add_session"}}, {"model": "auth.permission", "pk": 22, "fields": {"name": "Can change session", "content_type": 6, "codename": "change_session"}}, {"model": "auth.permission", "pk": 23, "fields": {"name": "Can delete session", "content_type": 6, "codename": "delete_session"}}, {"model": "auth.permission", "pk": 24, "fields": {"name": "Can view session", "content_type": 6, "codename": "view_session"}}, {"model": "auth.permission", "pk": 25, "fields": {"name": "Can add product", "content_type": 7, "codename": "add_product"}}, {"model": "auth.permission", "pk": 26, "fields": {"name": "Can change product", "content_type": 7, "codename": "change_product"}}, {"model": "auth.permission", "pk": 27, "fields": {"name": "Can delete product", "content_type": 7, "codename": "delete_product"}}, {"model": "auth.permission", "pk": 28, "fields": {"name": "Can view product", "content_type": 7, "codename": "view_product"}}, {"model": "auth.permission", "pk": 29, "fields": {"name": "Can add order", "content_type": 8, "codename": "add_order"}}, {"model": "auth.permission", "pk": 30, "fields": {"name": "Can change order", "content_type": 8, "codename": "change_order"}}, {"model": "auth.permission", "pk": 31, "fields": {"name": "Can delete order", "content_type": 8, "codename": "delete_order"}}, {"model": "auth.permission", "pk": 32, "fields": {"name": "Can view order", "content_type": 8, "codename": "view_order"}}, {"model": "auth.permission", "pk": 33, "fields": {"name": "Can add cart item", "content_type": 9, "codename": "add_cartitem"}}, {"model": "auth.permission", "pk": 34, "fields": {"name": "Can change cart item", "content_type": 9, "codename": "change_cartitem"}}, {"model": "auth.permission", "pk": 35, "fields": {"name": "Can delete cart item", "content_type": 9, "codename": "delete_cartitem"}}, {"model": "auth.permission", "pk": 36, "fields": {"name": "Can view cart item", "content_type": 9, "codename": "view_cartitem"}}, {"model": "auth.permission", "pk": 37, "fields": {"name": "Can add cart", "content_type": 10, "codename": "add_cart"}}, {"model": "auth.permission", "pk": 38, "fields": {"name": "Can change cart", "content_type": 10, "codename": "change_cart"}}, {"model": "auth.permission", "pk": 39, "fields": {"name": "Can delete cart", "content_type": 10, "codename": "delete_cart"}}, {"model": "auth.permission", "pk": 40, "fields": {"name": "Can view cart", "content_type": 10, "codename": "view_cart"}}, {"model": "auth.permission", "pk": 41, "fields": {"name": "Can add like", "content_type": 11, "codename": "add_like"}}, {"model": "auth.permission", "pk": 42, "fields": {"name": "Can change like", "content_type": 11, "codename": "change_like"}}, {"model": "auth.permission", "pk": 43, "fields": {"name": "Can delete like", "content_type": 11, "codename": "delete_like"}}, {"model": "auth.permission", "pk": 44, "fields": {"name": "Can view like", "content_type": 11, "codename": "view_like"}}, {"model": "auth.permission", "pk": 45, "fields": {"name": "Can add profile", "content_type": 12, "codename": "add_profile"}}, {"model": "auth.permission", "pk": 46, "fields": {"name": "Can change profile", "content_type": 12, "codename": "change_profile"}}, {"model": "auth.permission", "pk": 47, "fields": {"name": "Can delete profile", "content_type": 12, "codename": "delete_profile"}}, {"model": "auth.permission", "pk": 48, "fields": {"name": "Can view profile", "content_type": 12, "codename": "view_profile"}}, {"model": "auth.permission", "pk": 49, "fields": {"name": "Can add order item", "content_type": 13, "codename": "add_orderitem"}}, {"model": "auth.permission", "pk": 50, "fields": {"name": "Can change order item", "content_type": 13, "codename": "change_orderitem"}}, {"model": "auth.permission", "pk": 51, "fields": {"name": "Can delete order item", "content_type": 13, "codename": "delete_orderitem"}}, {"model": "auth.permission", "pk": 52, "fields": {"name": "Can view order item", "content_type": 13, "codename": "view_orderitem"}}, {"model": "contenttypes.contenttype", "pk": 1, "fields": {"app_label": "eCoffee", "model": "user"}}, {"model": "contenttypes.contenttype", "pk": 2, "fields": {"app_label": "admin", "model": "logentry"}}, {"model": "contenttypes.contenttype", "pk": 3, "fields": {"app_label": "auth", "model": "permission"}}, {"model": "contenttypes.contenttype", "pk": 4, "fields": {"app_label": "auth", "model": "group"}}, {"model": "contenttypes.contenttype", "pk": 5, "fields": {"app_label": "contenttypes", "model": "contenttype"}}, {"model": "contenttypes.contenttype", "pk": 6, "fields": {"app_label": "sessions", "model": "session"}}, {"model": "contenttypes.contenttype", "pk": 7, "fields": {"app_label": "eCoffee", "model": "product"}}, {"model": "contenttypes.contenttype", "pk": 8, "fields": {"app_label": "eCoffee", "model": "order"}}, {"model": "contenttypes.contenttype", "pk": 9, "fields": {"app_label": "eCoffee", "model": "cartitem"}}, {"model": "contenttypes.contenttype", "pk": 10, "fields": {"app_label": "eCoffee", "model": "cart"}}, {"model": "contenttypes.contenttype", "pk": 11, "fields": {"app_label": "eCoffee", "model": "like"}}, {"model": "contenttypes.contenttype", "pk": 12, "fields": {"app_label": "eCoffee", "model": "profile"}}, {"model": "contenttypes.contenttype", "pk": 13, "fields": {"app_label": "eCoffee", "model": "orderitem"}}, {"model": "sessions.session", "pk": "13hskd11cgy1xgh6dxur47srsqdx2m0a", "fields": {"session_data": "e30:1s98KX:TQZxl6rKDDVx1dbP8QB-XXi3h1t1i6Jqbv6-Zu1ULVM", "expire_date": "2024-06-03T19:05:53.983Z"}}, {"model": "sessions.session", "pk": "5uoc5mfkx7kz74az21f3ffwptd5wc4ei", "fields": {"session_data": ".eJxVjDsOwyAQBe9CHSEtHy-kTJ8zIFiW4CTCkrErK3ePkFwk7ZuZd4gQ962GvfMa5iyuQonL75YivbgNkJ-xPRZJS9vWOcmhyJN2eV8yv2-n-3dQY6-j9gCEzke0RJHLlH1yzpNmZTVmVGRNSWQZFVABo7Vh49gja5jAKfH5AvL9N8E:1sO2BK:C_sveo6udmPnij-TPQLJnFR_7cB6p1-HTVs9MGaOrlU", "expire_date": "2024-07-14T21:33:58.654Z"}}, {"model": "sessions.session", "pk": "63xso6e487s20xo377xstb3nl196vkmx", "fields": {"session_data": ".eJxVjDsOwyAQBe9CHSEtHy-kTJ8zIFiW4CTCkrErK3ePkFwk7ZuZd4gQ962GvfMa5iyuQonL75YivbgNkJ-xPRZJS9vWOcmhyJN2eV8yv2-n-3dQY6-j9gCEzke0RJHLlH1yzpNmZTVmVGRNSWQZFVABo7Vh49gja5jAKfH5AvL9N8E:1s9Hgv:YlcxkspBDe3mdXKQpzJq4aWgRMTNOysBz_7Af6vGsJw", "expire_date": "2024-06-04T05:05:37.099Z"}}, {"model": "sessions.session", "pk": "atvyx72kyaroc5f1jf0ktgan3k7yvicw", "fields": {"session_data": ".eJxVjDkOwjAQRe_iGllexhslPWeIZuwxDiBHylIh7g6RUkD733v_JQbc1jZsC8_DWMRZWHH63Qjzg_sOyh37bZJ56us8ktwVedBFXqfCz8vh_h00XNq3rhArOuZEBJwAQrCgFVcy2mfPyiWTVQzKBu3QFKCoLWnwCT3ljCzeH-J1N84:1sS08j:2Vl8ppmWsOJ-AlzyuRSolmBGdB9qxUlIGCGd8EfB21E", "expire_date": "2024-07-25T20:11:41.723Z"}}, {"model": "sessions.session", "pk": "hjnq36sk80pyo5n897oo523t9uh1hlj1", "fields": {"session_data": ".eJxVjDkOwjAQRe_iGllexhslPWeIZuwxDiBHylIh7g6RUkD733v_JQbc1jZsC8_DWMRZWHH63Qjzg_sOyh37bZJ56us8ktwVedBFXqfCz8vh_h00XNq3rhArOuZEBJwAQrCgFVcy2mfPyiWTVQzKBu3QFKCoLWnwCT3ljCzeH-J1N84:1sO0iI:TT6eexLaGpiDQhHRN3LXDcOOrDNPnUDlRdu-FaKn1Ug", "expire_date": "2024-07-14T19:59:54.867Z"}}, {"model": "sessions.session", "pk": "usdhddybvpq0e9u81f227ejfg8cqww0x", "fields": {"session_data": ".eJxVjMsOwiAUBf-FtSG8Hy7d9xsIlwtSNZCUdmX8d9ukC93OzDlvEuK21rCNvIQZyZVwcvllENMzt0PgI7Z7p6m3dZmBHgk97aBTx_y6ne3fQY2j7muTixHJ-piNQBMBGNMKteQ7M8x57QpiZkJZbjmCAgSQ2knjPGeqWPL5AuM0N3w:1sLNky:TKqb7NJJWHgvHJlMCjBx2mtNSE3mt6UIvyMU3sRgJe8", "expire_date": "2024-07-07T13:59:48.850Z"}}, {"model": "sessions.session", "pk": "xtrp7nl0rlql1fkaqq8pb3c5cmd8sktb", "fields": {"session_data": ".eJxVjDkOwjAQRe_iGllexhslPWeIZuwxDiBHylIh7g6RUkD733v_JQbc1jZsC8_DWMRZWHH63Qjzg_sOyh37bZJ56us8ktwVedBFXqfCz8vh_h00XNq3rhArOuZEBJwAQrCgFVcy2mfPyiWTVQzKBu3QFKCoLWnwCT3ljCzeH-J1N84:1sKnkb:kZE26-dmaEpFL7ejazsgzuA7Tvc89KwpD1X8unjPPBQ", "expire_date": "2024-07-05T23:33:01.057Z"}}, {"model": "sessions.session", "pk": "xzoaayd7n5luxykhn5fd7xu09rh2un73", "fields": {"session_data": ".eJxVjMsOwiAUBf-FtSG8Hy7d9xsIlwtSNZCUdmX8d9ukC93OzDlvEuK21rCNvIQZyZVwcvllENMzt0PgI7Z7p6m3dZmBHgk97aBTx_y6ne3fQY2j7muTixHJ-piNQBMBGNMKteQ7M8x57QpiZkJZbjmCAgSQ2knjPGeqWPL5AuM0N3w:1sC9Gl:Ej2wtkgILd3O8WCd9TbGgUwetCmMXu4n2JkbnF5m6TM", "expire_date": "2024-06-12T02:42:27.425Z"}}]